month,final_action,backlog_months,source_url
Jun 2018,C,0.00,https://www.uscis.gov/green-card/green-card-processes-and-procedures/visa-availability-priority-dates/when-to-file-your-adjustment-of-status-application-for-family-sponsored-or-employment-based-28
Jul 2018,C,0.00,https://www.uscis.gov/green-card/green-card-processes-and-procedures/visa-availability-priority-dates/when-to-file-your-adjustment-of-status-application-for-family-sponsored-or-employment-based-29
Aug 2018,C,0.00,https://www.uscis.gov/green-card/green-card-processes-and-procedures/visa-availability-priority-dates/when-to-file-your-adjustment-of-status-application-for-family-sponsored-or-employment-based-30
Sep 2018,01NOV16,22.00,https://www.uscis.gov/green-card/green-card-processes-and-procedures/visa-availability-priority-dates/when-to-file-your-adjustment-of-status-application-for-family-sponsored-or-employment-based-31
Feb 2019,C,0.00,https://www.uscis.gov/green-card/green-card-processes-and-procedures/visa-availability-priority-dates/when-to-file-your-adjustment-of-status-application-for-family-sponsored-or-employment-based-36
Mar 2019,C,0.00,https://www.uscis.gov/green-card/green-card-processes-and-procedures/visa-availability-priority-dates/when-to-file-your-adjustment-of-status-application-for-family-sponsored-or-employment-based-37
Apr 2019,C,0.00,https://www.uscis.gov/green-card/green-card-processes-and-procedures/visa-availability-priority-dates/when-to-file-your-adjustment-of-status-application-for-family-sponsored-or-employment-based-38
May 2019,C,0.00,https://www.uscis.gov/green-card/green-card-processes-and-procedures/visa-availability-priority-dates/when-to-file-your-adjustment-of-status-application-for-family-sponsored-or-employment-based-39
Jun 2019,C,0.00,https://www.uscis.gov/green-card/green-card-processes-and-procedures/visa-availability-priority-dates/when-to-file-your-adjustment-of-status-application-for-family-sponsored-or-employment-based-40
Jul 2019,C,0.00,https://www.uscis.gov/green-card/green-card-processes-and-procedures/visa-availability-priority-dates/when-to-file-your-adjustment-of-status-application-for-family-sponsored-or-employment-based-41
Aug 2019,01JUL16,37.00,https://www.uscis.gov/green-card/green-card-processes-and-procedures/visa-availability-priority-dates/when-to-file-your-adjustment-of-status-application-for-family-sponsored-or-employment-based-42
Sep 2019,01JUL16,38.00,https://www.uscis.gov/green-card/green-card-processes-and-procedures/visa-availability-priority-dates/when-to-file-your-adjustment-of-status-application-for-family-sponsored-or-employment-based-43
Aug 2020,01APR19,16.00,https://www.uscis.gov/green-card/green-card-processes-and-procedures/visa-availability-priority-dates/when-to-file-your-adjustment-of-status-application-for-family-sponsored-or-employment-based-54
Sep 2020,01APR19,17.00,https://www.uscis.gov/green-card/green-card-processes-and-procedures/visa-availability-priority-dates/when-to-file-your-adjustment-of-status-application-for-family-sponsored-or-employment-based-55
Jun 2022,C,0.00,https://www.uscis.gov/green-card/green-card-processes-and-procedures/visa-availability-priority-dates/when-to-file-your-adjustment-of-status-application-for-family-sponsored-or-employment-based-77
Jul 2022,C,0.00,https://www.uscis.gov/green-card/green-card-processes-and-procedures/visa-availability-priority-dates/when-to-file-your-adjustment-of-status-application-for-family-sponsored-or-employment-based-78
Aug 2022,C,0.00,https://www.uscis.gov/green-card/green-card-processes-and-procedures/visa-availability-priority-dates/when-to-file-your-adjustment-of-status-application-for-family-sponsored-or-employment-based-79
Sep 2022,C,0.00,https://www.uscis.gov/green-card/green-card-processes-and-procedures/visa-availability-priority-dates/when-to-file-your-adjustment-of-status-application-for-family-sponsored-or-employment-based-80
Apr 2023,C,0.00,https://www.uscis.gov/green-card/green-card-processes-and-procedures/visa-availability-priority-dates/when-to-file-your-adjustment-of-status-application-for-family-sponsored-or-employment-based-87
May 2023,01JUN22,11.00,https://www.uscis.gov/green-card/green-card-processes-and-procedures/visa-availability-priority-dates/when-to-file-your-adjustment-of-status-application-for-family-sponsored-or-employment-based-88
Jun 2023,01JUN22,12.00,https://www.uscis.gov/green-card/green-card-processes-and-procedures/visa-availability-priority-dates/when-to-file-your-adjustment-of-status-application-for-family-sponsored-or-employment-based-89
Jul 2023,01FEB22,17.00,https://www.uscis.gov/green-card/green-card-processes-and-procedures/visa-availability-priority-dates/when-to-file-your-adjustment-of-status-application-for-family-sponsored-or-employment-based-90
Aug 2023,01MAY20,39.00,https://www.uscis.gov/green-card/green-card-processes-and-procedures/visa-availability-priority-dates/when-to-file-your-adjustment-of-status-application-for-family-sponsored-or-employment-based-91
Sep 2023,01MAY20,40.00,https://www.uscis.gov/green-card/green-card-processes-and-procedures/visa-availability-priority-dates/when-to-file-your-adjustment-of-status-application-for-family-sponsored-or-employment-based-92
Mar 2024,08SEP22,17.73,https://www.uscis.gov/green-card/green-card-processes-and-procedures/visa-availability-priority-dates/when-to-file-your-adjustment-of-status-application-for-family-sponsored-or-employment-based-98
Apr 2024,22NOV22,16.33,https://www.uscis.gov/green-card/green-card-processes-and-procedures/visa-availability-priority-dates/when-to-file-your-adjustment-of-status-application-for-family-sponsored-or-employment-based-99
May 2024,22NOV22,17.30,https://www.uscis.gov/green-card/green-card-processes-and-procedures/visa-availability-priority-dates/when-to-file-your-adjustment-of-status-application-for-family-sponsored-or-employment-based-100
Jun 2024,22NOV22,18.33,https://www.uscis.gov/green-card/green-card-processes-and-procedures/visa-availability-priority-dates/when-to-file-your-adjustment-of-status-application-for-family-sponsored-or-employment-based-101
Jul 2024,01DEC21,31.00,https://www.uscis.gov/green-card/green-card-processes-and-procedures/visa-availability-priority-dates/when-to-file-your-adjustment-of-status-application-for-family-sponsored-or-employment-based-102
Aug 2024,01DEC21,32.00,https://www.uscis.gov/green-card/green-card-processes-and-procedures/visa-availability-priority-dates/when-to-file-your-adjustment-of-status-application-for-family-sponsored-or-employment-based-103
Sep 2024,01DEC20,45.00,https://www.uscis.gov/green-card/green-card-processes-and-procedures/visa-availability-priority-dates/when-to-file-your-adjustment-of-status-application-for-family-sponsored-or-employment-based-104
Feb 2025,01DEC22,26.00,https://www.uscis.gov/green-card/green-card-processes-and-procedures/visa-availability-priority-dates/when-to-file-your-adjustment-of-status-application-for-family-sponsored-or-employment-based-109
Mar 2025,01DEC22,27.00,https://www.uscis.gov/green-card/green-card-processes-and-procedures/visa-availability-priority-dates/when-to-file-your-adjustment-of-status-application-for-family-sponsored-or-employment-based-110
Apr 2025,01JAN23,27.00,https://www.uscis.gov/green-card/green-card-processes-and-procedures/visa-availability-priority-dates/when-to-file-your-adjustment-of-status-application-for-family-sponsored-or-employment-based-111
May 2025,01JAN23,28.00,https://www.uscis.gov/green-card/green-card-processes-and-procedures/visa-availability-priority-dates/when-to-file-your-adjustment-of-status-application-for-family-sponsored-or-employment-based-112
Jun 2025,08FEB23,27.80,https://www.uscis.gov/green-card/green-card-processes-and-procedures/visa-availability-priority-dates/when-to-file-your-adjustment-of-status-application-for-family-sponsored-or-employment-based-113
Jul 2025,01APR23,27.00,https://www.uscis.gov/green-card/green-card-processes-and-procedures/visa-availability-priority-dates/when-to-file-your-adjustment-of-status-application-for-family-sponsored-or-employment-based-114
Aug 2025,01APR23,28.00,https://www.uscis.gov/green-card/green-card-processes-and-procedures/visa-availability-priority-dates/when-to-file-your-adjustment-of-status-application-for-family-sponsored-or-employment-based-115
Sep 2025,01APR23,29.00,https://www.uscis.gov/green-card/green-card-processes-and-procedures/visa-availability-priority-dates/when-to-file-your-adjustment-of-status-application-for-family-sponsored-or-employment-based-116
May 2026,01JUN24,23.00,https://www.uscis.gov/green-card/green-card-processes-and-procedures/visa-availability-priority-dates/when-to-file-your-adjustment-of-status-application-for-family-sponsored-or-employment-based-124
Jun 2026,01JUN24,24.00,https://www.uscis.gov/green-card/green-card-processes-and-procedures/visa-availability-priority-dates/when-to-file-your-adjustment-of-status-application-for-family-sponsored-or-employment-based-125
Jul 2026,01AUG24,23.00,https://www.uscis.gov/green-card/green-card-processes-and-procedures/visa-availability-priority-dates/when-to-file-your-adjustment-of-status-application-for-family-sponsored-or-employment-based-126
Aug 2026,01SEP24,23.00,https://www.uscis.gov/green-card/green-card-processes-and-procedures/visa-availability-priority-dates/when-to-file-your-adjustment-of-status-application-for-family-sponsored-or-employment-based-127
Sep 2026,01SEP24,24.00,https://www.uscis.gov/green-card/green-card-processes-and-procedures/visa-availability-priority-dates/when-to-file-your-adjustment-of-status-application-for-family-sponsored-or-employment-based-128
